{
    "category": "misc",
    "key": {
        "1": {
            "item": "minecraft:amethyst_block"
        },
        "2": {
            "item": "minecraft:dragon_breath"
        },
        "3": {
            "item": "minecraft:end_crystal"
        }
    },
    "pattern": [
        "121",
        "232",
        "121"
    ],
    "result": {
        "count": 1,
        "item": "minecraft:budding_amethyst"
    },
    "show_notification": false,
    "type": "minecraft:crafting_shaped"
}
