{
    "category": "misc",
    "key": {
        "1": {
            "item": "minecraft:dragon_head"
        },
        "2": {
            "item": "minecraft:obsidian"
        },
        "3": {
            "item": "minecraft:elytra"
        },
        "4": {
            "item": "minecraft:end_crystal"
        }
    },
    "pattern": [
        "212",
        "232",
        "242"
    ],
    "result": {
        "count": 1,
        "item": "minecraft:dragon_egg"
    },
    "type": "minecraft:crafting_shaped"
}
