{
    "type": "minecraft:crafting_shaped",
    "pattern": [
        "#D#",
        "CIC"
    ],
    "key": {
        "#": {
            "item": "minecraft:dragon_breath"
        },
        "D": {
            "item": "minecraft:diamond"
        },
        "C": {
            "item": "minecraft:crying_obsidian"
        },
        "I": {
            "item": "minecraft:iron_helmet"
        }
    },
    "result": {
        "item": "minecraft:shulker_shell",
        "count": 1
    }
}