{
  "criteria": {
    "requirement": {
      "trigger": "minecraft:tick",
      "conditions": {
        "player": [
          {
            "condition": "minecraft:entity_properties",
            "entity": "this",
            "predicate": {
              "nbt": "{ForgeCaps:{\"dragonsurvival:playerstatehandler\":{isFlying:1b}},OnGround:0b,playerGameType:0}",
              "team": "ender"
            }
          }
        ]
      }
    }
  },
  "rewards": {
    "function": "endgaming:stamina/reduce"
  }
}