{
    "category": "misc",
    "key": {
        "1": {
            "item": "dragonsurvival:elder_dragon_heart"
        },
        "3": {
			"item": "minecraft:iron_block"
        },
        "2": {
			"item": "dragonsurvival:star_heart"
        }
    },
    "pattern": [
        "131",
        "323",
        "131"
    ],
    "result": {
        "count": 1,
        "item": "dragonsurvival:empty_dragon_beacon"
    },
    "show_notification": false,
    "type": "minecraft:crafting_shaped"
}