{
    "category": "misc",
    "key": {
        "1": {
            "item": "dragonsurvival:elder_dragon_dust"
        },
        "2": [
            {"item": "minecraft:cod"},
            {"item": "minecraft:salmon"},
            {"item": "minecraft:pufferfish"},
            {"item": "minecraft:tropical_fish"}
        ],
        "3":{
	        "item": "dragonsurvival:elder_dragon_bone"
        }
    },
    "pattern": [
        "131",
        "323",
        "131"
    ],
    "result": {
        "count": 1,
        "item": "dragonsurvival:forest_dragon_treat"
    },
    "show_notification": false,
    "type": "minecraft:crafting_shaped"
}