{
  "pools": [
    {
      "rolls": 1,
      "entries": [
        {
          "type": "item",
          "name": "minecraft:end_stone",
          "functions": [
            {
              "function": "set_count",
              "count": {
                "min": 8,
                "max": 16
              }
            }
          ],
          "weight": 20
        },
        {
          "type": "item",
          "name": "minecraft:ender_pearl",
          "functions": [
            {
              "function": "set_count",
              "count": {
                "min": 1,
                "max": 3
              }
            }
          ],
          "weight": 20
        },
        {
          "type": "item",
          "name": "minecraft:chorus_fruit",
          "functions": [
            {
              "function": "set_count",
              "count": {
                "min": 2,
                "max": 4
              }
            }
          ],
          "weight": 20
        },{
          "type": "item",
          "name": "minecraft:amethyst_shard",
          "functions": [
            {
              "function": "set_count",
              "count": {
                "min": 4,
                "max": 8
              }
            }
          ],
          "weight": 10
        },
        {
          "type": "item",
          "name": "minecraft:obsidian",
          "functions": [
            {
              "function": "set_count",
              "count": {
                "min": 1,
                "max": 3
              }
            }
          ],
          "weight": 10
        },
        {
          "type": "item",
          "name": "minecraft:emerald",
          "weight": 7
        },
        {
          "type": "item",
          "name": "minecraft:diamond",
          "weight": 3
        },
        {
          "type": "item",
          "name": "dragonsurvival:heart_element",
          "weight": 7
        },
        {
          "type": "item",
          "name": "dragonsurvival:weak_dragon_heart",
          "weight": 3
        }
      ]
    }
  ]
}