{
    "category": "misc",
    "ingredients": [
        {
            "item": "minecraft:coal"
        },
        {
            "item": "minecraft:coal"
        },
        {
            "item": "minecraft:coal"
        },
        {
            "item": "minecraft:coal"
        },
        {
            "item": "minecraft:redstone"
        },
        {
            "item": "minecraft:redstone"
        },
        {
            "item": "minecraft:redstone"
        },
        {
            "item": "minecraft:redstone"
        },
        {
            "item": "minecraft:redstone"
        }
    ],
    "result": {
        "count": 4,
        "item": "dragonsurvival:charged_coal"
    },
    "type": "minecraft:crafting_shapeless"
}
