[
  {
    "condition": "minecraft:any_of",
    "terms": [
      {
        "condition": "minecraft:entity_properties",
        "entity": "this",
        "predicate": {
          "effects": {
            "minecraft:saturation": {
              "amplifier": 30
            }
          }
        }
      },
      {
        "condition": "minecraft:entity_properties",
        "entity": "this",
        "predicate": {
          "nbt": "{OnGround:1b}"
        }
      }
    ]
  },
  {
    "condition": "minecraft:inverted",
    "term": {
      "condition": "minecraft:entity_properties",
      "entity": "this",
      "predicate": {
        "effects": {
          "minecraft:saturation": {
            "amplifier": 39
          }
        }
      }
    }
  }
]
